{"cameraMode":{"drawMode":0,"name":"Shaded","section":"Shading Mode"},"sceneLighting":true,"audioPlay":false,"sceneViewState":{"showFog":true,"showMaterialUpdate":false,"showSkybox":true,"showFlares":true,"showImageEffects":true,"showParticleSystems":true},"in2DMode":false,"pivot":{"x":0.4120272099971771,"y":4.037389278411865,"z":0.09552288055419922},"rotation":{"x":0.054829567670822147,"y":-0.2884823679924011,"z":0.016571208834648134,"w":0.9557873010635376},"size":1.8073949813842774,"orthographic":false}