{"cameraMode":{"drawMode":0,"name":"Shaded","section":"Shading Mode"},"sceneLighting":true,"audioPlay":false,"sceneViewState":{"showFog":true,"showMaterialUpdate":false,"showSkybox":true,"showFlares":true,"showImageEffects":true,"showParticleSystems":true},"in2DMode":false,"pivot":{"x":-65.56556701660156,"y":0.9104385375976563,"z":-2.6603822708129885},"rotation":{"x":-0.2787074148654938,"y":-0.4994913637638092,"z":0.17352069914340974,"w":-0.8017575740814209},"size":7.012296676635742,"orthographic":false}