{"cameraMode":{"drawMode":0,"name":"Shaded","section":"Shading Mode"},"sceneLighting":true,"audioPlay":false,"sceneViewState":{"showFog":true,"showMaterialUpdate":false,"showSkybox":true,"showFlares":true,"showImageEffects":true,"showParticleSystems":true},"in2DMode":false,"pivot":{"x":-68.45516967773438,"y":-0.45940589904785159,"z":-5.669867515563965},"rotation":{"x":0.11270366609096527,"y":-0.7545638084411621,"z":0.6323485374450684,"w":0.13452446460723878},"size":24.072418212890626,"orthographic":false}