{"cameraMode":{"drawMode":0,"name":"Shaded","section":"Shading Mode"},"sceneLighting":true,"audioPlay":false,"sceneViewState":{"showFog":true,"showMaterialUpdate":false,"showSkybox":true,"showFlares":true,"showImageEffects":true,"showParticleSystems":true},"in2DMode":false,"pivot":{"x":37.229835510253909,"y":46.993019104003909,"z":-18.72226905822754},"rotation":{"x":-0.020036088302731515,"y":-0.8419690132141113,"z":0.5382624864578247,"w":-0.0313427560031414},"size":90.32633972167969,"orthographic":false}