{"cameraMode":{"drawMode":0,"name":"Shaded","section":"Shading Mode"},"sceneLighting":true,"audioPlay":false,"sceneViewState":{"showFog":true,"showMaterialUpdate":false,"showSkybox":true,"showFlares":true,"showImageEffects":true,"showParticleSystems":true},"in2DMode":false,"pivot":{"x":-42.08050537109375,"y":36.253135681152347,"z":-7.597790241241455},"rotation":{"x":-0.7495852112770081,"y":0.008660448715090752,"z":-0.009922350756824017,"w":-0.6618243455886841},"size":22.74786949157715,"orthographic":false}