{"cameraMode":{"drawMode":0,"name":"Shaded","section":"Shading Mode"},"sceneLighting":true,"audioPlay":false,"sceneViewState":{"showFog":true,"showMaterialUpdate":false,"showSkybox":true,"showFlares":true,"showImageEffects":true,"showParticleSystems":true},"in2DMode":false,"pivot":{"x":-48.31665802001953,"y":3.3060379028320314,"z":0.7266494035720825},"rotation":{"x":-0.4156016707420349,"y":0.5763275027275086,"z":-0.4298040270805359,"w":-0.5572265982627869},"size":35.93110656738281,"orthographic":false}