{"cameraMode":{"drawMode":0,"name":"Shaded","section":"Shading Mode"},"sceneLighting":true,"audioPlay":false,"sceneViewState":{"showFog":true,"showMaterialUpdate":false,"showSkybox":true,"showFlares":true,"showImageEffects":true,"showParticleSystems":true},"in2DMode":false,"pivot":{"x":-66.83477783203125,"y":1.0612595081329346,"z":-10.549344062805176},"rotation":{"x":-0.39566752314567568,"y":0.6002404093742371,"z":-0.5359259247779846,"w":-0.44278186559677126},"size":15.863728523254395,"orthographic":false}